{
  "project_info": {
    "project_number": "87516448803",
    "firebase_url": "https://mypharmacy-2bbb3.firebaseio.com",
    "project_id": "mypharmacy-2bbb3",
    "storage_bucket": "mypharmacy-2bbb3.appspot.com"
  },
  "client": [
    {
      "client_info": {
        "mobilesdk_app_id": "1:87516448803:android:f857a56d10ec25caf80996",
        "android_client_info": {
          "package_name": "com.example.mypharmacy"
        }
      },
      "oauth_client": [
        {
          "client_id": "87516448803-281teiuecc42fhu0ot071bnu41r5d7bn.apps.googleusercontent.com",
          "client_type": 1,
          "android_info": {
            "package_name": "com.example.mypharmacy",
            "certificate_hash": "8edf39dbcb3c02813a44075beba491c6b061c15b"
          }
        },
        {
          "client_id": "87516448803-oqdmlb2ldhasp0ti3rh71ebfs1p3hr4m.apps.googleusercontent.com",
          "client_type": 3
        }
      ],
      "api_key": [
        {
          "current_key": "AIzaSyAnhjRebNvg8LqIeKXtza-mHHhheMGe1pg"
        }
      ],
      "services": {
        "appinvite_service": {
          "other_platform_oauth_client": [
            {
              "client_id": "87516448803-oqdmlb2ldhasp0ti3rh71ebfs1p3hr4m.apps.googleusercontent.com",
              "client_type": 3
            }
          ]
        }
      }
    }
  ],
  "configuration_version": "1"
}