{
  "project_info": {
    "project_number": "594992297307",
    "firebase_url": "https://mymedicine-277a7.firebaseio.com",
    "project_id": "mymedicine-277a7",
    "storage_bucket": "mymedicine-277a7.appspot.com"
  },
  "client": [
    {
      "client_info": {
        "mobilesdk_app_id": "1:594992297307:android:58f52289ec6d803b9e967e",
        "android_client_info": {
          "package_name": "com.paschal.mymedicine"
        }
      },
      "oauth_client": [
        {
          "client_id": "594992297307-5apal3kkvqm89ufbhetjvreh023ivqin.apps.googleusercontent.com",
          "client_type": 1,
          "android_info": {
            "package_name": "com.paschal.mymedicine",
            "certificate_hash": "b5c469aaf2f40e5f459cf8f2b1296550041c5513"
          }
        },
        {
          "client_id": "594992297307-n3flata1rbctssq06haka3touhvahr1q.apps.googleusercontent.com",
          "client_type": 3
        }
      ],
      "api_key": [
        {
          "current_key": "AIzaSyBgyVCYgV0t1FKs-OoeON8rLJyPlK5HxKQ"
        }
      ],
      "services": {
        "appinvite_service": {
          "other_platform_oauth_client": [
            {
              "client_id": "594992297307-n3flata1rbctssq06haka3touhvahr1q.apps.googleusercontent.com",
              "client_type": 3
            }
          ]
        }
      }
    }
  ],
  "configuration_version": "1"
}